{          
    "01":{"region": "stranci u BiH","drzava":"Stranci bez državljanstva bivše SFRJ ili njenih naslednica."},
     "02":{"region": "stranci u Crnoj Gori","drzava":"Stranci bez državljanstva bivše SFRJ ili njenih naslednica."},
     "03":{"region": "stranci u Hrvatskoj","drzava":"Stranci bez državljanstva bivše SFRJ ili njenih naslednica."},
     "04":{"region": "stranci u Makedoniji","drzava":"Stranci bez državljanstva bivše SFRJ ili njenih naslednica."},
     "05":{"region": "stranci u Sloveniji","drzava":"Stranci bez državljanstva bivše SFRJ ili njenih naslednica."},
     "07":{"region": "stranci u Srbiji (bez pokrajina)","drzava":"Stranci bez državljanstva bivše SFRJ ili njenih naslednica."},
     "08":{"region": "stranci u Vojvodini","drzava":"Stranci bez državljanstva bivše SFRJ ili njenih naslednica."},
     "09":{"region": "stranci na Kosovu","drzava":"Stranci bez državljanstva bivše SFRJ ili njenih naslednica."},

     "10":{"region": "Banja Luka","drzava": "Bosna i Hercegovina"},
     "11":{"region": "Bihać","drzava": "Bosna i Hercegovina"},
     "12":{"region": "Doboj","drzava": "Bosna i Hercegovina"},
     "13":{"region": "Goražde","drzava": "Bosna i Hercegovina"},
     "14":{"region": "Livno","drzava": "Bosna i Hercegovina"},
     "15":{"region": "Mostar","drzava": "Bosna i Hercegovina"},
     "16":{"region": "Prijedor","drzava": "Bosna i Hercegovina"},
     "17":{"region": "Sarajevo","drzava": "Bosna i Hercegovina"},
     "18":{"region": "Tuzla","drzava": "Bosna i Hercegovina"},
     "19":{"region": "Zenica","drzava": "Bosna i Hercegovina"},

     "21":{"region": "Podgorica" ,"drzava": "Crna Gora"},
     "24":{"region": "Herceg-Novi"  ,"drzava": "Crna Gora"},                                                                                                                                                                
     "26":{"region": "Nikšić","drzava": "Crna Gora"},
     "27":{"region": "Berane","drzava": "Crna Gora"},
     "29":{"region": "Pljevlja","drzava": "Crna Gora"},

     "30":{"region": "Osijek, Slavonija region","drzava": "Hrvatska"},
     "31":{"region": "Bjelovar, Virovitica, Koprivnica, Pakrac, Podravina region","drzava": "Hrvatska"},
     "32":{"region": "Varaždin, Međimurje region","drzava": "Hrvatska"},
     "33":{"region": "Zagreb","drzava": "Hrvatska"},
     "34":{"region": "Karlovac","drzava": "Hrvatska"},
     "35":{"region": "Gospić, Lika region","drzava": "Hrvatska"},
     "36":{"region": "Rijeka, Pula, Istra and Primorje regions","drzava": "Hrvatska"},
     "37":{"region": "Sisak, Banovina region","drzava": "Hrvatska"},
     "38":{"region": "Split, Zadar, Dubrovnik, Dalmacija region","drzava": "Hrvatska"},
     "39":{"region": "mešano","drzava": "Hrvatska"},

     "41":{"region": "Bitola","drzava": "Makedonija"},
     "42":{"region": "Kumanovo","drzava": "Makedonija"},
     "43":{"region": "Ohrid","drzava": "Makedonija"},
     "44":{"region": "Prilep","drzava": "Makedonija"},
     "45":{"region": "Skopje","drzava": "Makedonija"},
     "46":{"region": "Strumica","drzava": "Makedonija"},
     "47":{"region": "Tetovo","drzava": "Makedonija"},
     "48":{"region": "Veles","drzava": "Makedonija"},
     "49":{"region": "Štip","drzava": "Makedonija"},

    "50":{"region": "Slovenija","drzava": "Slovenija"},

    "60":{"region": "Privremeni boravak","drzava": "Privremeni boravak"},
    "61":{"region": "Privremeni boravak","drzava": "Privremeni boravak"},
    "62":{"region": "Privremeni boravak","drzava": "Privremeni boravak"},
    "63":{"region": "Privremeni boravak","drzava": "Privremeni boravak"},
    "64":{"region": "Privremeni boravak","drzava": "Privremeni boravak"},
    "65":{"region": "Privremeni boravak","drzava": "Privremeni boravak"},
    "66":{"region": "Privremeni boravak","drzava": "Privremeni boravak"},
    "67":{"region": "Privremeni boravak","drzava": "Privremeni boravak"},
    "68":{"region": "Privremeni boravak","drzava": "Privremeni boravak"},
    "69":{"region": "Privremeni boravak","drzava": "Privremeni boravak"},

     "71":{"region": "Beograd region (Grad Beograd: Stari Grad, Savski Venac, Voždovac, Vračar, Palilula, Zvezdara, Rakovica, Čukarica, Novi Beograd, Zemun, Mladenovac, Barajevo, Grocka, Obrenovac, Sopot, Lazarevac)","drzava": "Centralna Srbija"},
     "72":{"region": "Šumadija i Pomoravlje regions (Šumadijski okrug: Aranđelovac, Batočina, Knić, Kragujevac, Rača, Lapovo, Topola), (Pomoravski okrug: Despotovac, Paraćin, Rekovac, Jagodina, Svilajnac, Ćuprija)","drzava": "Centralna Srbija"},
     "73":{"region": "Niš region (Nišavski okrug: Aleksinac, Svrljig, Niš, Gadžin Han, Doljevac, Merošina, Ražanj), (Pirotski okrug: Babušnica, Bela Palanka, Dimitrovgrad, Pirot), (Toplički okrug: Blace, Žitorađa, Prokuplje, Kuršumlija)","drzava": "Centralna Srbija"},
     "74":{"region": "Južna Morava region (Jablanički okrug: Leskovac, Vlasotince, Medveđa, Lebane, Bojnik, Crna Trava), (Pčinjski okrug: Vranje, Bujanovac, Surdulica, Bosilegrad, Preševo, Trgovište, Vladičin Han)","drzava": "Centralna Srbija"},
     "75":{"region": "Zaječar region (Zaječarski okrug: Zaječar, Boljevac, Knjaževac, Sokobanja), (Borski okrug: Bor, Majdanpek, Kladovo, Negotin)","drzava": "Centralna Srbija"},
     "76":{"region": "Podunavlje region (Podunavski okrug: Smederevska Palanka, Velika Plana, Smederevo), (Braničevski okrug: Veliko Gradište, Kučevo, Petrovac na Mlavi, Požarevac, Žagubica, Golubac, Žabari, Malo Crniće)","drzava": "Centralna Srbija"},
     "77":{"region": "Podrinje i Kolubara regions (Mačvanski okrug: Loznica, Krupanj, Ljubovija, Šabac, Bogatić, Koceljeva, Vladimirci, Mali Zvornik), (Kolubarski okrug: Valjevo, Lajkovac, Ljig, Ub, Osečina, Mionoca)","drzava": "Centralna Srbija"},
     "78":{"region": "Kraljevo region (Raški okrug: Kraljevo, Vrnjačka Banja, Novi Pazar, Raška, Tutin), (Moravički okrug: Gornji Milanovac, Čačak, Ivanjica, Lučani), (Rasinski okrug: Aleksandrovac, Brus, Kruševac, Trstenik, Varvarin, Ćićevac)","drzava": "Centralna Srbija"},
     "79":{"region": "Užice region (Zlatiborski okrug: Arilje, Bajina Bašta, Kosjerić, Nova Varoš, Požega, Priboj, Prijepolje, Sjenica, Užice, Čajetina)","drzava": "Centralna Srbija"},

     "80":{"region": "Novi Sad region (Južnobački okrug: Bač, Bačka Palanka, Bački Petrovac, Vrbas, Žabalj, Novi Sad, Srbobran, Sremski Karlovci, Temerin, Titel, Bečej, Beočin)","drzava": "Autonomna Pokrajina Vojvodina"},
     "81":{"region": "Sombor region (Zapadnobački okrug: Apatin, Kula, Odžaci, Sombor)","drzava": "Autonomna Pokrajina Vojvodina"},
     "82":{"region": "Subotica region (Severnobački okrug: Bačka Topola, Subotica, Mali Iđoš)","drzava": "Autonomna Pokrajina Vojvodina"},
     "85":{"region": "Zrenjanin region (Srednjebanatski okrug: Zrenjanin, Nova Crnja, Novi Bečej, Sečanj, Žitište)","drzava": "Autonomna Pokrajina Vojvodina"},
     "86":{"region": "Pančevo region (Južnobanatski okrug: Alibunar, Bela Crkva, Vršac, Kovačica, Kovin, Pančevo, Opovo, Plandište)","drzava": "Autonomna Pokrajina Vojvodina"},
     "87":{"region": "Kikinda region (Severnobanatski okrug: Ada, Kikinda, Kanjiža, Novi Kneževac, Senta, Čoka)","drzava": "Autonomna Pokrajina Vojvodina"},
     "88":{"region": "Ruma region (Sremski okrug: Inđija, Pećinci, Ruma, Sremska Mitrovica, Stara Pazova, Šid, Irig)","drzava": "Autonomna Pokrajina Vojvodina"},
     "89":{"region": "Sremska Mitrovica region (Sremski okrug: Inđija, Pećinci, Ruma, Sremska Mitrovica, Stara Pazova, Šid, Irig)","drzava": "Autonomna Pokrajina Vojvodina"},

     "91":{"region": "Priština region (Kosovski okrug: Priština, Obilić, Podujevo, Štrpce, Lipljan, Glogovac, Kačanik, Kosovo Polje, Uroševac, Štimlje)","drzava": "Autonomna Pokrajina Kosovo i Metohija"},
     "92":{"region": "Kosovska Mitrovica region (Kosovsko Mitrovački okrug: Kosovska Mitrovica, Zvečan, Leposavić, Zubin Potok, Vučitrn, Srbica)","drzava": "Autonomna Pokrajina Kosovo i Metohija"},
     "93":{"region": "Peć region (Pećki okrug: Peć, Istok, Klina)","drzava": "Autonomna Pokrajina Kosovo i Metohija"},
     "94":{"region": "Đakovica region (Pećki okrug: Dečani, Đakovica)","drzava": "Autonomna Pokrajina Kosovo i Metohija"},
     "95":{"region": "Prizren region (Prizrenski okrug: Gora-Dragaš, Orahovac, Prizren, Suva Reka)","drzava": "Autonomna Pokrajina Kosovo i Metohija"},
     "96":{"region": "Kosovsko Pomoravski okrug: (Gnjilane, Kosovska Kamenica, Vitina, Novo Brdo)","drzava": "Autonomna Pokrajina Kosovo i Metohija"}
}